{
  "importance_scores": {
    "feature_0": {
      "rf_importance": 0.05549289266094172,
      "permutation_importance": 0.1898005878646653,
      "correlation": 0.1442313303678175,
      "variance": 0.9890238220488063,
      "combined_score": 0.10798359949733978
    },
    "feature_1": {
      "rf_importance": 0.018800327349364137,
      "permutation_importance": 0.01843519079971385,
      "correlation": 0.02140579749718115,
      "variance": 0.990518853350676,
      "combined_score": 0.01733184767909604
    },
    "feature_2": {
      "rf_importance": 0.020611277182462324,
      "permutation_importance": 0.025266637369175827,
      "correlation": -0.024144404860116944,
      "variance": 0.8344393312209036,
      "combined_score": 0.020653383055761067
    },
    "feature_3": {
      "rf_importance": 0.02500232154301485,
      "permutation_importance": 0.032863700040504304,
      "correlation": 0.0017056694362087214,
      "variance": 0.9340847126135913,
      "combined_score": 0.020201172516598975
    },
    "feature_4": {
      "rf_importance": 0.019593309617624177,
      "permutation_importance": 0.02682054730932345,
      "correlation": -0.033481814507118485,
      "variance": 0.8440787174245117,
      "combined_score": 0.022579850941270404
    },
    "feature_5": {
      "rf_importance": 0.0567997178800632,
      "permutation_importance": 0.2549044045846139,
      "correlation": 0.15462785236946985,
      "variance": 0.8791675935167387,
      "combined_score": 0.13011677900130342
    },
    "feature_6": {
      "rf_importance": 0.023060543113629633,
      "permutation_importance": 0.027249612111714915,
      "correlation": -0.002121033597354785,
      "variance": 0.9137684983548994,
      "combined_score": 0.017823307598437286
    },
    "feature_7": {
      "rf_importance": 0.021706264641654854,
      "permutation_importance": 0.026561393469551952,
      "correlation": -0.0080544907515988,
      "variance": 0.9060514665627901,
      "combined_score": 0.018261822047847286
    },
    "feature_8": {
      "rf_importance": 0.02453871070882782,
      "permutation_importance": 0.037387497514393395,
      "correlation": 0.03292658770495194,
      "variance": 0.8791986491401779,
      "combined_score": 0.027617051078839532
    },
    "feature_9": {
      "rf_importance": 0.025484570901874084,
      "permutation_importance": 0.027977252856481137,
      "correlation": -0.001791068482010262,
      "variance": 0.9227845446031102,
      "combined_score": 0.01894521791409603
    },
    "feature_10": {
      "rf_importance": 0.029409404157632286,
      "permutation_importance": 0.06738148898184275,
      "correlation": 0.10476699305470515,
      "variance": 0.9164549303005235,
      "combined_score": 0.05293160696854678
    },
    "feature_11": {
      "rf_importance": 0.019575929294080547,
      "permutation_importance": 0.023084440605479616,
      "correlation": 0.007220958583001319,
      "variance": 0.9903238609818451,
      "combined_score": 0.016199895615876366
    },
    "feature_12": {
      "rf_importance": 0.02500143010869749,
      "permutation_importance": 0.03592633844715508,
      "correlation": 0.00978461532511827,
      "variance": 0.9725566474771654,
      "combined_score": 0.022735396642649175
    },
    "feature_13": {
      "rf_importance": 0.02529614432399374,
      "permutation_importance": 0.03291893991596628,
      "correlation": 0.04102774228904948,
      "variance": 0.9226990350138654,
      "combined_score": 0.028199688162197277
    },
    "feature_14": {
      "rf_importance": 0.025694390049542683,
      "permutation_importance": 0.031597395442393275,
      "correlation": 0.03754835876970034,
      "variance": 0.8881497746489443,
      "combined_score": 0.027266646406475126
    },
    "feature_15": {
      "rf_importance": 0.021642942798411835,
      "permutation_importance": 0.02538086801359578,
      "correlation": -0.02332436377971814,
      "variance": 0.8830124160979296,
      "combined_score": 0.020936310279387096
    },
    "feature_16": {
      "rf_importance": 0.019057441177560808,
      "permutation_importance": 0.018613119034587334,
      "correlation": 0.02350784099307804,
      "variance": 0.9204731978823552,
      "combined_score": 0.017908480380016134
    },
    "feature_17": {
      "rf_importance": 0.02032063373467689,
      "permutation_importance": 0.023847168355798577,
      "correlation": -0.03054725217078902,
      "variance": 0.9212518980474198,
      "combined_score": 0.021391854434768133
    },
    "feature_18": {
      "rf_importance": 0.02663441777544129,
      "permutation_importance": 0.032937671674126937,
      "correlation": -0.042784145925430735,
      "variance": 0.939447483622143,
      "combined_score": 0.029091897797500745
    },
    "feature_19": {
      "rf_importance": 0.020491930821063854,
      "permutation_importance": 0.020979293012457288,
      "correlation": -0.02107638154003993,
      "variance": 0.8197003561993265,
      "combined_score": 0.018705836540170714
    },
    "feature_20": {
      "rf_importance": 0.020421550573828617,
      "permutation_importance": 0.02980610516338549,
      "correlation": 0.036329451096008616,
      "variance": 0.8480291037350948,
      "combined_score": 0.024376341997748817
    },
    "feature_21": {
      "rf_importance": 0.02072739812104222,
      "permutation_importance": 0.023710369944822805,
      "correlation": -0.009712932468129659,
      "variance": 1.0,
      "combined_score": 0.01734665672548966
    },
    "feature_22": {
      "rf_importance": 0.016434649565607702,
      "permutation_importance": 0.017329638002243353,
      "correlation": 0.029401429884512324,
      "variance": 0.9393355257788335,
      "combined_score": 0.017653037203818552
    },
    "feature_23": {
      "rf_importance": 0.01583411067138395,
      "permutation_importance": 0.015352344907321302,
      "correlation": 0.03870947404929212,
      "variance": 0.8614853598780791,
      "combined_score": 0.018681242550608393
    },
    "feature_24": {
      "rf_importance": 0.020386638460583743,
      "permutation_importance": 0.025367170166253027,
      "correlation": 0.011781690693953635,
      "variance": 0.8647456782670947,
      "combined_score": 0.018121144572900136
    },
    "feature_25": {
      "rf_importance": 0.03126203713220453,
      "permutation_importance": 0.044587588751365,
      "correlation": -0.04321031253574758,
      "variance": 0.9086284485699915,
      "combined_score": 0.03452315398544083
    },
    "feature_26": {
      "rf_importance": 0.019632682293876245,
      "permutation_importance": 0.024467579740215316,
      "correlation": -0.04582292772213137,
      "variance": 0.9378804548296611,
      "combined_score": 0.024357932384041367
    },
    "feature_27": {
      "rf_importance": 0.023168211589175404,
      "permutation_importance": 0.049576086829727126,
      "correlation": 0.03787125442943979,
      "variance": 0.9124940343802478,
      "combined_score": 0.03171436157047626
    },
    "feature_28": {
      "rf_importance": 0.016966970752666892,
      "permutation_importance": 0.018040156169742826,
      "correlation": -0.010117225326367267,
      "variance": 0.8262016093303355,
      "combined_score": 0.014222280217263057
    },
    "feature_29": {
      "rf_importance": 0.02424455210607785,
      "permutation_importance": 0.024428133776626993,
      "correlation": -0.01687245352438057,
      "variance": 0.9243289173804438,
      "combined_score": 0.020400751680295353
    },
    "feature_30": {
      "rf_importance": 0.026383431713034085,
      "permutation_importance": 0.04313020421114183,
      "correlation": 0.049166321113984765,
      "variance": 0.9129938785982793,
      "combined_score": 0.03332569817135314
    },
    "feature_31": {
      "rf_importance": 0.02456931297997646,
      "permutation_importance": 0.02748572986890351,
      "correlation": -0.018654479906121325,
      "variance": 0.882691036511021,