{
  "episode_rewards": [
    -17.555479049682617,
    -3.6359643936157227,
    -22.31394386291504,
    -21.397645950317383,
    -43.43516540527344,
    -22.16635513305664,
    -29.48621368408203,
    -19.381376266479492,
    -3.401155948638916,
    -20.978178024291992,
    -10.021476745605469,
    -12.830400466918945,
    -25.727415084838867,
    -4.091552734375,
    -8.23569393157959,
    -0.5025804042816162,
    -15.167718887329102,
    -12.92371654510498,
    -10.902060508728027,
    -9.368603706359863,
    -22.868696212768555,
    -18.755769729614258,
    -12.714401245117188,
    -12.389379501342773,
    -12.831278800964355,
    -25.8328857421875,
    -25.135372161865234,
    -24.607192993164062,
    -20.607810974121094,
    -9.778119087219238,
    -46.40190505981445,
    -16.548770904541016,
    -7.01857852935791,
    -3.5847764015197754,
    -6.620298862457275,
    -22.085660934448242,
    2.392930507659912,
    -24.51919937133789,
    -25.777231216430664,
    -15.841620445251465,
    -12.407062530517578,
    -6.251339912414551,
    -35.25276184082031,
    -34.23970031738281,
    -6.83211088180542,
    -33.93246078491211,
    13.233454704284668,
    -15.003060340881348,
    -25.90001106262207,
    2.7604217529296875,
    -10.615459442138672,
    14.969950675964355,
    -11.0973539352417,
    -9.836219787597656,
    -29.85328483581543,
    -21.18070411682129,
    -37.00072479248047,
    -28.586864471435547,
    18.430849075317383,
    -21.7705020904541,
    -20.974084854125977,
    -27.80783462524414,
    -12.658646583557129,
    -23.704153060913086,
    -1.9493540525436401,
    -17.679161071777344,
    -35.43356704711914,
    -19.431760787963867,
    -24.912113189697266,
    -12.18830680847168,
    -1.7441295385360718,
    -12.104451179504395,
    -3.481661319732666,
    2.3714005947113037,
    5.998185634613037,
    0.7207444906234741,
    4.315400123596191,
    6.762269020080566,
    -18.029123306274414,
    -16.22450065612793,
    -10.25100326538086,
    -33.87462615966797,
    -13.610197067260742,
    -24.361251831054688,
    -24.09956932067871,
    4.736257076263428,
    -29.798301696777344,
    -37.55763244628906,
    2.409461498260498,
    -15.420929908752441,
    -16.800952911376953,
    0.14382636547088623,
    -43.33179473876953,
    -2.5814285278320312,
    -26.552753448486328,
    -0.1868903636932373,
    6.49157190322876,
    -15.622437477111816,
    -29.676816940307617,
    -46.04909133911133
  ],
  "cvar_values": [
    -3.59043550491333,
    -3.4992494583129883,
    -3.684964895248413,
    -3.654245615005493,
    -3.6125078201293945,
    -3.6233811378479004,
    -3.714890956878662,
    -3.64020037651062,
    -3.6418402194976807,
    -3.751380443572998,
    -3.537838935852051,
    -3.8563671112060547,
    -3.5451009273529053,
    -3.5771031379699707,
    -3.667330026626587,
    -3.54211688041687,
    -3.634312391281128,
    -3.6012115478515625,
    -3.5990960597991943,
    -3.387378215789795,
    -3.602046251296997,
    -3.5472147464752197,
    -3.4299473762512207,
    -3.73360276222229,
    -3.758150339126587,
    -3.625439167022705,
    -3.6873514652252197,
    -3.5259029865264893,
    -3.6844820976257324,
    -3.8027000427246094,
    -3.6303751468658447,
    -3.4125852584838867,
    -3.5995543003082275,
    -3.726673126220703,
    -3.7582528591156006,
    -3.7085366249084473,
    -3.405917167663574,
    -3.6320993900299072,
    -3.672593355178833,
    -3.4134435653686523,
    -3.687755584716797,
    -3.450671672821045,
    -3.6504452228546143,
    -3.545835256576538,
    -3.3808107376098633,
    -3.8030805587768555,
    -3.5108590126037598,
    -3.4690890312194824,
    -3.753390073776245,
    -3.4492852687835693,
    -3.501530647277832,
    -3.5838966369628906,
    -3.4236514568328857,
    -3.437040090560913,
    -3.5649566650390625,
    -3.8567118644714355,
    -3.7948806285858154,
    -3.4844679832458496,
    -3.3570377826690674,
    -3.7867863178253174,
    -3.742239236831665,
    -3.630260944366455,
    -3.560866117477417,
    -3.5007309913635254,
    -3.4680697917938232,
    -3.7512779235839844,
    -3.4879939556121826,
    -3.703684091567993,
    -3.7189788818359375,
    -3.672114610671997,
    -3.5809288024902344,
    -3.4878342151641846,
    -3.4940643310546875,
    -3.5954465866088867,
    -3.6017391681671143,
    -3.6735169887542725,
    -3.507993459701538,
    -3.4882419109344482,
    -3.7898776531219482,
    -3.5805304050445557,
    -3.639291524887085,
    -3.7740414142608643,
    -3.5573506355285645,
    -3.5882925987243652,
    -3.8939368724823,
    -3.3407301902770996,
    -3.7974417209625244,
    -3.730818271636963,
    -3.5294840335845947,
    -3.739154815673828,
    -3.7487356662750244,
    -3.632903575897217,
    -3.7638256549835205,
    -3.5553808212280273,
    -3.4866015911102295,
    -3.56681489944458,
    -3.7002038955688477,
    -3.6656508445739746,
    -3.912898302078247,
    -3.8312551975250244
  ],
  "policy_losses": [
    2.1755695911451767e-08,
    2.086162531611535e-08,
    -8.940696516468449e-10,
    4.76837147544984e-09,
    -2.6822091214739885e-09,
    1.5199184133507515e-08,
    5.9604645663569045e-09,
    -4.76837147544984e-09,
    -1.19209286886246e-09,
    -2.3841858265427618e-08,
    -5.9604643443123e-10,
    8.344650304081824e-09,
    2.6226043559063328e-08,
    3.3974647095647015e-08,
    2.6524066498723187e-08,
    -1.668930060816365e-08,
    5.9604643443123e-10,
    1.7285346487483366e-08,
    -7.1525572131747595e-09,
    -3.278255444882916e-09,
    -4.231929651155042e-08,
    8.344650304081824e-09,
    -1.0728836485895954e-08,
    1.1324882365215672e-08,
    1.2814998839871805e-08,
    -1.7285346487483366e-08,
    7.450580596923828e-09,
    -7.748603536583687e-09,
    1.5199184133507515e-08,
    -1.19209286886246e-09,
    -1.1920929132713809e-08,
    2.086162576020456e-09,
    -1.609325472884393e-08,
    -8.940696516468449e-10,
    -1.4901161415892261e-09,
    -2.115964825577521e-08,
    5.9604645663569045e-09,
    -2.533197474008375e-08,
    1.4901161193847656e-08,
    -2.324581060975106e-08,
    1.19209286886246e-09,
    1.7285346487483366e-08,
    9.23872001123982e-09,
    9.53674295089968e-09,
    -2.2053718851111626e-08,
    2.6822091214739885e-09,
    -7.1525572131747595e-09,
    2.1755695911451767e-08,
    1.1920929132713809e-08,
    -1.2218952072373668e-08,
    2.4437904144747336e-08,
    -5.066394859198908e-09,
    -3.8743017682918435e-09,
    -5.066394859198908e-09,
    -1.1324882365215672e-08,
    1.0132789718397817e-08,
    2.6822091214739885e-09,
    -1.0132789718397817e-08,
    -2.086162576020456e-09,
    2.1755695911451767e-08,
    8.940696516468449e-10,
    -1.4901161415892261e-09,
    4.172325152040912e-09,
    2.9504299448035454e-08,
    1.4901161193847656e-08,
    -1.7881394143159923e-08,
    1.2516975012033527e-08,
    3.8743017682918435e-09,
    1.0132789718397817e-08,
    -2.086162531611535e-08,
    -1.0728836485895954e-08,
    -7.1525572131747595e-09,
    -6.258487506016763e-09,
    2.38418573772492e-09,
    -1.7881394143159923e-08,
    -7.450580596923828e-09,
    2.1457672971791908e-08,
    -1.0430812658057675e-08,
    -2.6226043559063328e-08,
    -9.23872001123982e-09,
    1.7881393032936899e-09,
    -1.7881393032936899e-09,
    -1.5795230012827233e-08,
    2.9802322831784522e-09,
    -9.834766778737958e-09,
    8.940696516468449e-10,
    2.8610228852699038e-08,
    7.450580596923828e-09,
    8.344650304081824e-09,
    -1.1920929132713809e-08,
    9.53674295089968e-09,
    2.0563602376455492e-08,
    2.98023217215615e-10,
    -5.9604643443123e-10,
    -3.8743017682918435e-09,
    1.3411044719191523e-08,
    2.9802322831784522e-09,
    6.854534273514901e-09,
    2.9802322831784522e-09,
    -2.533197474008375e-08
  ],